{
    "model_name": "10d",
    "train_accuracy": 0.9062057733535767,
    "test_accuracy": 0.7960457801818848,
    "metrics": {
        "per_class_metrics": {
            "_silence": {
                "TP": 129,
                "FP": 0,
                "FN": 32,
                "TN": 800,
                "TPR": 0.8012422360248447,
                "TNR": 1.0,
                "FPR": 0.0,
                "FNR": 0.19875776397515527,
                "Precision": 1.0
            },
            "_unknown": {
                "TP": 539,
                "FP": 115,
                "FN": 40,
                "TN": 267,
                "TPR": 0.9309153713298791,
                "TNR": 0.6989528795811518,
                "FPR": 0.3010471204188482,
                "FNR": 0.0690846286701209,
                "Precision": 0.8241590214067278
            },
            "stop": {
                "TP": 57,
                "FP": 17,
                "FN": 46,
                "TN": 841,
                "TPR": 0.5533980582524272,
                "TNR": 0.9801864801864801,
                "FPR": 0.019813519813519812,
                "FNR": 0.44660194174757284,
                "Precision": 0.7702702702702703
            },
            "go": {
                "TP": 40,
                "FP": 64,
                "FN": 78,
                "TN": 779,
                "TPR": 0.3389830508474576,
                "TNR": 0.9240806642941874,
                "FPR": 0.07591933570581258,
                "FNR": 0.6610169491525424,
                "Precision": 0.38461538461538464
            }
        }
    },
    "confusion_matrix": [
        [
            129,
            0,
            9,
            23
        ],
        [
            0,
            539,
            7,
            33
        ],
        [
            0,
            38,
            57,
            8
        ],
        [
            0,
            77,
            1,
            40
        ]
    ]
}