{
    "model_name": "best_mini",
    "train_accuracy": 0.8790586590766907,
    "test_accuracy": 0.8792924284934998,
    "metrics": {
        "per_class_metrics": {
            "_silence": {
                "TP": 152,
                "FP": 1,
                "FN": 9,
                "TN": 799,
                "TPR": 0.9440993788819876,
                "TNR": 0.99875,
                "FPR": 0.00125,
                "FNR": 0.055900621118012424,
                "Precision": 0.9934640522875817
            },
            "_unknown": {
                "TP": 568,
                "FP": 94,
                "FN": 11,
                "TN": 288,
                "TPR": 0.9810017271157168,
                "TNR": 0.7539267015706806,
                "FPR": 0.24607329842931938,
                "FNR": 0.018998272884283247,
                "Precision": 0.8580060422960725
            },
            "stop": {
                "TP": 86,
                "FP": 15,
                "FN": 17,
                "TN": 843,
                "TPR": 0.8349514563106796,
                "TNR": 0.9825174825174825,
                "FPR": 0.017482517482517484,
                "FNR": 0.1650485436893204,
                "Precision": 0.8514851485148515
            },
            "go": {
                "TP": 39,
                "FP": 6,
                "FN": 79,
                "TN": 837,
                "TPR": 0.3305084745762712,
                "TNR": 0.9928825622775801,
                "FPR": 0.0071174377224199285,
                "FNR": 0.6694915254237288,
                "Precision": 0.8666666666666667
            }
        }
    },
    "confusion_matrix": [
        [
            152,
            0,
            7,
            2
        ],
        [
            0,
            568,
            7,
            4
        ],
        [
            1,
            16,
            86,
            0
        ],
        [
            0,
            78,
            1,
            39
        ]
    ]
}