{
    "model_name": "initial_model",
    "train_accuracy": 0.825594425201416,
    "test_accuracy": 0.7513007521629333,
    "metrics": {
        "per_class_metrics": {
            "_silence": {
                "TP": 86,
                "FP": 0,
                "FN": 75,
                "TN": 800,
                "TPR": 0.5341614906832298,
                "TNR": 1.0,
                "FPR": 0.0,
                "FNR": 0.4658385093167702,
                "Precision": 1.0
            },
            "_unknown": {
                "TP": 511,
                "FP": 84,
                "FN": 68,
                "TN": 298,
                "TPR": 0.8825561312607945,
                "TNR": 0.7801047120418848,
                "FPR": 0.2198952879581152,
                "FNR": 0.11744386873920552,
                "Precision": 0.8588235294117647
            },
            "stop": {
                "TP": 62,
                "FP": 60,
                "FN": 41,
                "TN": 798,
                "TPR": 0.6019417475728155,
                "TNR": 0.9300699300699301,
                "FPR": 0.06993006993006994,
                "FNR": 0.39805825242718446,
                "Precision": 0.5081967213114754
            },
            "go": {
                "TP": 63,
                "FP": 95,
                "FN": 55,
                "TN": 748,
                "TPR": 0.5338983050847458,
                "TNR": 0.8873072360616845,
                "FPR": 0.11269276393831554,
                "FNR": 0.4661016949152542,
                "Precision": 0.3987341772151899
            }
        }
    },
    "confusion_matrix": [
        [
            86,
            0,
            44,
            31
        ],
        [
            0,
            511,
            12,
            56
        ],
        [
            0,
            33,
            62,
            8
        ],
        [
            0,
            51,
            4,
            63
        ]
    ]
}